no,query,doc_code,labels,dense,bm25,rrf,rrf_rerank
1,옹벽에 작용하는 토압의 종류와 어떤 토압이론으로 계산하는가,KDS 11 80 05,1.7.3,2,1,1,1
2,옹벽 배면 상재하중에 의한 토압은 어떻게 고려하나,KDS 11 80 05,1.7.4,15,3,3,1
3,깎기 경계구간에서의 토압 산정 방법,KDS 11 80 05,1.7.7,0,9,18,1
4,옹벽 활동에 대한 안정성 검토,KDS 11 80 05,4.4.1,3,1,1,1
5,옹벽 전도에 대한 안정성은 어떻게 검토하는가,KDS 11 80 05,4.4.3,6,5,2,1
6,옹벽 기초지반 지지력 검토,KDS 11 80 05,4.4.4,3,14,3,2
7,옹벽 안정해석 시 적용하는 기준안전율,KDS 11 80 05,4.4,0,2,5,1
8,연약지반 위에 옹벽을 설치할 때 고려사항,KDS 11 80 05,4.3.2,1,1,1,1
9,옹벽 배면 배수공 설계,KDS 11 80 05,4.6.3,1,5,1,1
10,주동토압 수동토압 정지토압,KDS 11 80 05,1.7.3,0,1,3,1
11,활동 전도 지지력 안전율 검토 항목,KDS 11 80 05,4.1.1 4.4,0,1,2,1
12,시설물 내진등급은 어떻게 분류하는가,KDS 17 10 00,4.1.1,0,1,2,1
13,내진성능수준의 종류와 정의,KDS 17 10 00,4.1.2,0,3,6,1
14,설계지반운동 수준은 어떻게 분류하나,KDS 17 10 00,4.1.3,0,1,3,1
15,지반 액상화 검토,KDS 17 10 00,4.7,0,4,10,2
16,성능기반 내진설계 해석방법,KDS 17 10 00,4.4.3,1,2,1,1
17,강구조 사용하중에 의한 처짐 사용성 기준,KDS 41 30 10,4.11.3,0,10,18,1
18,휨과 압축 조합력에서 국부좌굴 폭두께비 검토,KDS 41 30 10,4.15.4,0,0,0,0
19,교량 설계기준의 적용범위,KDS 24 10 11,1.1,10,10,4,4
20,슬래브교에 대한 등가 스트립 폭,KDS 24 10 11,4.6.4,0,1,3,2
