variant,opts,svg_nodes,ssim,code_add,code_del,orbit_updates_per_s,orbit_update_p95_ms,orbit_fps_raf,orbit_dom_mut_per_commit,orbit_main_ms_per_s,pan_updates_per_s,pan_update_p95_ms,pan_fps_raf,pan_dom_mut_per_commit,pan_main_ms_per_s,viewTween_updates_per_s,viewTween_update_p95_ms,viewTween_fps_raf,viewTween_dom_mut_per_commit,viewTween_main_ms_per_s
base,,5237,1,0,0,7.8,150.1,20.7,12354.8,996.6,15.8,83.3,17.1,6074.4,997.5,8.7,183.2,20.4,9972.3,852.7
cull,cull,3413,0.9996,36,5,12.1,100,30,7376.3,987.2,20.8,83.3,24.6,4295.4,980.8,12.1,250,31.7,6036,751.8
pipeSeg,pipeSeg,3413,0.9998,5,2,13.2,100,32.7,7442.7,989.6,20.6,83.4,27,4299.7,981.2,13.8,249.9,34.3,6055.4,731.3
capJoin,capJoin,3509,1,30,1,13.7,100,34.6,7628.1,986.4,19,83.4,25.2,4390.8,979.9,13.1,266.6,33,6444.9,740.5
panXform,panXform,5237,1,61,35,8.1,166.7,21.2,12276.3,995.4,19.7,66.7,20.9,1,248.1,9,166.6,21.1,9926.5,858.9
camLocal,camLocal,5237,1,5,1,8.2,150,20.4,12217,1009.2,15.1,83.4,16.7,6070.2,983.3,8.7,150,20.3,10056.7,859.3
rafMove,rafMove,5237,1,39,7,6.8,166.7,19.9,12320.9,1000.4,14.3,83.4,15.7,6064,992.6,7.8,164,16.9,10286.5,879.3
lod,lod,5237,1,17,3,23.1,66.7,51.8,3457.7,992.9,31.9,50.1,44.9,1916.4,984.4,17.7,133.4,38.2,3243.2,723.8
geomCache,geomCache,5237,1,28,2,7.4,183.3,19.4,12326.2,999.8,14.7,100,16.6,6068.8,997.6,8.2,183.3,20.4,9971.4,858.4
stage1,cull+pipeSeg+capJoin+panXform+camLocal+rafMove,2069,0.9991,176,51,25.5,66.6,30.8,3775.8,1002.4,34.8,50,45.2,1,416.2,18.1,66.7,43.6,3334.9,677.9
all,cull+pipeSeg+capJoin+panXform+camLocal+rafMove+lod+geomCache,2069,0.9991,221,56,47.5,33.4,59.7,1548.3,978.6,56.4,16.9,60.4,4.5,395.7,27.7,50,56.6,1458.5,649.8
faces,cull+pipeSeg+capJoin,2069,0.9991,71,8,20.8,66.7,46.1,3785.9,981,26.9,50.1,35.7,2975.6,979.2,17.8,150,42.8,3338.5,686.8
facesLod,cull+pipeSeg+capJoin+lod,2069,0.9991,88,11,41.8,33.4,59.8,1572,979,55.2,21.7,60.1,1194.1,814.5,28.6,33.4,58.1,1483.3,627.4
facesLodPan,cull+pipeSeg+capJoin+lod+panXform,2069,0.9991,149,46,40.4,33.4,59.7,1572,985.3,57,16.8,60.3,4.5,351.6,28.3,49.9,57.3,1451.3,633.5
facesPan,cull+pipeSeg+capJoin+panXform,2069,0.9991,132,43,23.2,66.7,50.8,3774.9,983.5,38.2,50,48.8,1,393.4,17.6,66.8,44.5,3401.2,672.8
facesCam,cull+pipeSeg+capJoin+camLocal,2069,0.9991,76,9,27.5,50.1,32.9,3766.9,1001.4,27.8,50.1,37.1,2976.2,980.6,17.7,116.6,43.4,3344.2,680.9
facesRaf,cull+pipeSeg+capJoin+rafMove,2069,0.9991,110,15,22.4,66.7,49.2,3758.9,979.7,27.2,50.1,37,2976.1,972.5,17.9,99.9,42.8,3387,683.6
baseEnd,,5237,1,0,0,6.9,166.8,18.6,12293.8,997.8,14.4,83.5,15.9,6064,994.2,8.1,166.6,16.9,9948.8,897.1
