type,no,query,V0_bm25,H1_bm25,H2_bm25,H3_bm25,H4_bm25,H2_dense,H2_rrf
A,1,ρ′,0,0,1,1,1,0,2
A,2,fpu,0,4,3,3,3,0,6
A,3,qu,0,1,1,1,1,0,2
A,4,ti,0,1,1,1,1,0,2
A,5,Fyf,0,1,1,1,1,6,1
A,6,VP,0,1,1,1,1,0,2
A,7,γg,0,0,2,2,2,0,6
A,8,Dc,0,1,1,1,1,0,5
A,9,ui,0,1,1,1,1,0,2
A,10,"Ad,eff",0,1,1,1,1,0,4
A,11,Fwd,0,1,1,1,1,0,2
A,12,Rr,0,3,3,3,2,0,7
A,13,"Δtc,dur,γ",0,1,1,1,1,0,4
A,14,heq,0,1,1,1,1,0,2
A,15,c1,0,2,2,1,1,0,7
A,16,Ab,0,1,1,1,1,0,3
A,17,k1,0,2,1,1,1,0,2
A,18,My,0,9,9,9,9,0,18
A,19,SLT,0,1,1,1,1,0,2
A,20,fpe,0,1,1,1,1,0,2
A,21,bt,0,1,1,1,1,5,1
A,22,M2s,0,1,1,1,1,0,4
A,23,Vn,0,1,1,1,1,0,3
A,24,Acp,0,1,1,1,1,0,2
A,25,st,0,2,3,3,3,0,6
A,26,φv,0,0,0,0,0,0,0
A,27,fct,0,1,1,1,1,0,2
A,28,Tu,0,1,1,1,1,0,2
A,29,WC,0,1,1,1,1,0,2
A,30,Las,0,1,1,1,1,0,2
A,31,"Nuy,Nuz",0,1,1,1,1,0,2
A,32,ADTTSL,1,1,1,1,1,1,1
A,33,Fyre,0,1,1,1,1,0,2
A,34,ze,0,1,1,1,1,0,2
A,35,Ig,0,5,5,5,7,0,10
A,36,ffat,0,1,1,1,2,0,2
A,37,N60,0,1,1,1,1,0,4
A,38,cc,0,3,3,3,3,0,6
A,39,ab,0,1,2,2,2,0,4
A,40,tw,0,10,10,10,9,0,19
A,41,η1,0,15,1,1,1,0,2
A,42,vcd,0,1,2,2,2,0,4
A,43,ln,0,1,1,1,1,0,2
A,44,α4,0,0,1,1,1,0,2
A,45,Es,0,5,12,12,12,0,0
A,46,rs,0,3,2,2,3,0,4
A,47,"γps,u",0,1,1,1,1,0,3
A,48,Fyw,0,2,2,2,2,1,1
A,49,dc,0,1,4,4,3,0,9
A,50,Fexx,0,1,1,1,1,0,2
A,51,fy,0,14,0,0,0,16,0
A,52,"db,t",0,1,1,1,1,0,3
A,53,do,0,1,1,1,1,0,2
A,54,qn,0,1,3,3,5,0,8
A,55,EV,4,4,4,4,4,19,1
A,56,fctk,0,1,1,1,1,0,2
A,57,Mu,0,1,1,1,1,0,2
A,58,WP,0,6,6,6,6,0,8
A,59,σν′,0,1,1,1,1,0,2
A,60,Tbt,0,1,1,1,1,8,1
A,61,Av,0,2,4,4,4,0,9
A,62,Ac0,0,1,1,1,1,0,3
A,63,fyd,0,1,1,1,1,0,2
A,64,λz,2,1,1,1,1,0,2
A,65,u1,0,3,1,1,1,0,2
A,66,Mn,0,8,8,8,8,0,16
A,67,n2,0,3,1,1,1,0,4
A,68,Ac,0,12,12,12,12,0,0
A,69,bf,0,4,4,4,4,0,9
A,70,Muz,0,1,1,1,1,0,2
A,71,k2,0,4,1,1,1,0,2
A,72,fpbt,0,1,1,1,1,0,2
A,73,Iy,0,1,1,1,1,0,3
A,74,Ag,0,1,1,1,1,0,2
A,75,vi,0,1,1,1,1,0,2
A,76,Pr,0,8,8,8,8,0,16
A,77,αdmax,0,1,1,1,1,0,2
A,78,"Δtc,dur,add",0,1,1,1,1,0,4
A,79,Ao,0,1,1,1,1,0,3
A,80,lx,0,1,1,1,1,0,2
A,81,n1,0,3,3,3,3,0,7
A,82,fps,0,1,1,1,1,0,2
A,83,Vu,0,1,1,1,1,2,1
A,84,Mcr,0,1,1,1,1,0,3
A,85,fc,0,1,1,1,1,0,4
A,86,pcp,0,1,1,1,1,0,2
A,87,α6,0,0,1,1,1,0,2
A,88,VMIN,0,1,1,1,1,0,2
A,89,εsh,0,1,2,2,2,0,4
A,90,bw,0,3,4,4,4,0,8
A,91,Act,0,2,2,2,2,0,4
A,92,fck,0,8,8,8,8,0,17
A,93,RXC,0,1,1,1,1,0,2
A,94,DW,6,6,6,6,1,0,11
A,95,fpi,0,1,1,1,1,3,1
A,96,EDC,0,5,5,5,5,0,10
A,97,Nod,0,1,1,1,1,0,2
A,98,Rreq,0,1,1,1,1,0,2
A,99,λy,6,2,1,1,1,0,5
A,100,η2,0,0,1,1,1,0,3
A,101,Vui,0,1,1,1,1,0,2
A,102,z5,0,2,1,1,1,0,3
A,103,"ρ1,000",9,1,1,1,1,0,2
A,104,φc,11,9,8,8,9,0,18
A,105,Mc,0,1,1,1,1,0,3
A,106,"Rb,Rh",0,1,1,1,1,0,2
A,107,SNC,0,1,1,1,1,0,2
A,108,lb,0,1,1,1,1,0,7
A,109,VXC,0,1,1,1,1,0,2
A,110,Aps,0,1,1,1,1,13,1
A,111,kc,0,1,1,1,1,0,3
A,112,po,0,3,4,4,4,0,10
A,113,db,0,6,6,6,7,0,11
A,114,βd,0,0,2,2,2,0,4
A,115,ΔσH,0,2,2,2,2,0,6
A,116,α3,0,0,2,2,1,0,4
A,117,"φsfvy,ef",0,1,1,1,1,0,2
A,118,vcsd,0,1,1,1,1,0,2
A,119,PMT,0,1,1,1,1,0,2
A,120,lpt2,0,1,1,1,1,0,3
A,121,zi,0,1,1,1,1,0,2
A,122,Pn,0,3,2,2,2,0,4
A,123,Iyc,0,1,1,1,1,0,3
A,124,fctm,0,1,1,1,1,0,2
A,125,θel,0,1,1,1,1,0,3
A,126,SST,0,1,1,1,1,0,2
A,127,c2,0,4,1,1,1,0,3
A,128,sr,0,1,1,1,1,0,2
A,129,Ncr,0,1,1,1,1,0,2
A,130,α1,0,15,1,1,1,0,3
A,131,DC,6,6,6,6,1,0,12
A,132,ρo,0,7,1,1,1,0,2
A,133,fc2,0,3,1,1,1,0,2
A,134,Muy,0,2,2,2,2,0,4
A,135,Ec,0,12,12,11,13,0,0
A,136,Mr,0,3,3,3,3,0,6
A,137,Vuw,0,1,1,1,1,0,2
A,138,Fy,0,3,2,2,1,0,7
A,139,Fywe,0,1,1,1,1,0,2
A,140,εcu,0,5,5,5,6,0,12
A,141,Vc,0,1,1,1,1,0,2
A,142,Fys,0,2,2,2,2,0,4
A,143,Δfpr,0,1,1,1,1,0,2
A,144,As,0,6,6,6,6,0,12
A,145,Nγ,0,0,2,2,1,0,5
A,146,φMn,0,6,1,1,1,0,3
A,147,φm,0,0,1,1,1,0,3
A,148,ΣAst,0,1,1,1,1,0,2
A,149,α5,0,0,1,1,1,0,2
A,150,PDH,0,1,1,1,1,0,2
A_,1,ρ_′,0,0,1,1,1,0,2
A_,2,f_pu,0,0,0,0,0,0,0
A_,3,q_u,0,0,1,1,2,0,6
A_,4,t_i,0,7,1,1,1,0,3
A_,5,F_yf,0,0,1,2,1,0,5
A_,6,γ_g,0,0,2,2,2,0,4
A_,7,D_c,0,0,3,3,2,0,7
A_,8,u_i,0,14,4,4,3,0,8
A_,9,"A_d,eff",0,6,1,1,1,0,3
A_,10,F_wd,0,0,15,15,16,0,0
A_,11,R_r,0,13,1,1,1,0,5
A_,12,"Δ_tc,dur,γ",0,1,1,1,1,0,4
A_,13,h_eq,0,17,1,1,1,0,3
A_,14,c_1,0,2,2,1,1,0,4
A_,15,A_b,0,0,7,7,6,0,15
A_,16,k_1,0,2,1,1,1,0,2
A_,17,M_y,0,0,0,0,0,0,0
A_,18,f_pe,0,20,1,1,1,0,2
A_,19,b_t,0,0,1,1,1,0,4
A_,20,M_2s,0,1,1,1,1,0,3
A_,21,V_n,0,0,1,1,1,20,1
A_,22,A_cp,0,0,2,2,2,0,4
A_,23,s_t,0,0,0,0,0,0,0
A_,24,φ_v,0,0,0,0,0,0,0
A_,25,f_ct,0,0,1,1,2,0,4
A_,26,T_u,0,0,1,1,1,0,3
A_,27,L_as,0,0,1,1,1,0,2
A_,28,"N_uy,Nuz",0,4,2,2,2,0,5
A_,29,F_yre,0,0,19,19,19,0,0
A_,30,z_e,0,0,1,1,1,0,4
A_,31,I_g,0,0,0,0,0,0,0
A_,32,f_fat,0,0,1,1,2,0,3
A_,33,N_60,0,1,1,1,1,0,4
A_,34,c_c,0,0,0,17,0,0,0
A_,35,a_b,0,0,12,10,14,0,0
A_,36,t_w,0,0,15,15,13,0,0
A_,37,η_1,0,15,1,1,1,0,2
A_,38,v_cd,0,0,5,5,5,0,10
A_,39,l_n,0,0,1,1,1,0,4
A_,40,α_4,0,0,1,1,1,0,2
A_,41,E_s,0,0,0,0,0,0,0
A_,42,r_s,0,7,3,3,3,0,7
A_,43,"γ_ps,u",0,1,1,1,1,0,3
A_,44,F_yw,0,0,7,7,8,0,17
A_,45,d_c,0,0,0,0,0,0,0
A_,46,F_exx,0,0,19,19,20,0,0
A_,47,f_y,0,0,0,0,0,0,0
A_,48,"d_b,t",0,0,1,1,2,0,2
A_,49,d_o,0,0,11,11,11,0,0
A_,50,q_n,0,4,1,1,4,0,3
A_,51,f_ctk,0,0,1,1,1,0,3
A_,52,M_u,0,0,2,2,2,0,4
A_,53,σ_ν′,0,0,1,1,1,0,2
A_,54,T_bt,0,0,2,2,2,0,8
A_,55,A_v,0,0,0,0,0,0,0
A_,56,A_c0,0,13,1,1,1,0,3
A_,57,f_yd,0,0,1,1,1,0,2
A_,58,λ_z,2,1,1,1,1,0,2
A_,59,u_1,0,3,1,1,1,0,2
A_,60,M_n,0,0,15,15,14,0,0
A_,61,n_2,0,3,1,1,1,0,5
A_,62,A_c,0,0,15,14,16,0,0
A_,63,b_f,0,0,0,0,0,0,0
A_,64,M_uz,0,0,4,4,2,0,8
A_,65,k_2,0,4,1,1,1,0,2
A_,66,f_pbt,0,17,1,1,1,0,5
A_,67,I_y,14,17,1,1,1,0,4
A_,68,A_g,0,0,16,16,14,0,0
A_,69,v_i,0,4,1,1,1,0,2
A_,70,P_r,0,0,16,15,16,9,3
A_,71,α_dmax,0,1,1,1,1,0,2
A_,72,"Δ_tc,dur,add",0,1,1,1,1,0,4
A_,73,A_o,0,0,16,13,13,0,0
A_,74,l_x,0,10,1,1,1,0,3
A_,75,n_1,0,3,3,3,3,0,10
A_,76,f_ps,0,18,1,1,1,0,6
A_,77,V_u,0,0,2,2,2,14,5
A_,78,M_cr,0,0,14,15,13,0,0
A_,79,f_c,0,0,3,4,3,0,6
A_,80,p_cp,0,0,1,1,1,0,7
A_,81,α_6,0,0,1,1,1,0,2
A_,82,ε_sh,0,1,2,2,2,0,4
A_,83,b_w,0,0,16,15,13,0,0
A_,84,A_ct,0,0,0,0,0,0,0
A_,85,f_ck,0,0,12,11,12,0,0
A_,86,f_pi,9,0,1,1,1,0,2
A_,87,N_od,0,0,1,1,1,0,7
A_,88,R_req,0,0,1,1,2,0,3
A_,89,λ_y,6,2,1,1,1,0,4
A_,90,η_2,0,0,1,1,1,0,4
A_,91,V_ui,0,0,2,2,2,0,4
A_,92,z_5,0,2,1,1,1,0,3
A_,93,"ρ_1,000",9,1,1,1,1,0,2
A_,94,φ_c,11,9,8,8,9,0,16
A_,95,M_c,0,0,6,6,7,13,3
A_,96,"R_b,Rh",0,3,1,1,1,0,3
A_,97,l_b,20,0,1,1,1,0,3
A_,98,A_ps,0,0,0,0,0,0,0
A_,99,k_c,0,0,1,1,6,0,2
A_,100,p_o,0,0,0,0,0,0,0
A_,101,d_b,0,15,5,5,5,0,10
A_,102,β_d,0,0,2,2,2,0,5
A_,103,Δ_σH,0,14,2,2,2,0,7
A_,104,α_3,0,0,2,2,1,0,4
A_,105,"φ_sfvy,ef",0,1,1,1,1,0,2
A_,106,v_csd,0,0,1,1,1,0,2
A_,107,l_pt2,0,12,5,5,4,0,10
A_,108,z_i,0,0,1,1,1,0,3
A_,109,P_n,0,0,4,4,4,0,8
A_,110,I_yc,9,9,1,1,1,0,2
A_,111,f_ctm,0,0,1,1,1,0,3
A_,112,θ_el,0,1,1,1,1,0,2
A_,113,c_2,0,4,1,1,1,0,3
A_,114,s_r,0,0,12,12,11,0,0
A_,115,N_cr,0,0,0,0,0,0,0
A_,116,α_1,0,15,1,1,1,0,3
A_,117,ρ_o,0,7,1,1,1,0,2
A_,118,f_c2,0,9,1,1,1,0,3
A_,119,M_uy,0,0,6,6,6,0,12
A_,120,E_c,0,0,0,0,0,0,0
A_,121,M_r,0,0,17,17,15,0,0
A_,122,V_uw,0,0,5,5,3,0,10
A_,123,F_y,0,0,0,0,0,0,0
A_,124,F_ywe,0,0,19,19,19,0,0
A_,125,ε_cu,0,5,5,5,6,0,10
A_,126,V_c,0,0,0,0,0,0,0
A_,127,F_ys,0,0,12,12,13,0,0
A_,128,Δ_fpr,0,1,1,1,1,0,2
A_,129,A_s,0,0,0,0,0,0,0
A_,130,N_γ,0,0,2,2,1,0,6
A_,131,φ_Mn,0,6,1,1,1,0,2
A_,132,φ_m,0,0,1,1,1,0,3
A_,133,α_5,0,0,1,1,1,0,2
B,1,ρ′ 캔틸레버의,17,18,1,1,1,0,2
B,2,fpu 프리스트레싱,0,0,4,4,4,20,2
B,3,qu 일축압축강도,3,1,1,1,1,0,3
B,4,ti 결정하는,0,1,1,1,1,0,3
B,5,Fyf 플랜지의,0,3,3,3,3,4,2
B,6,VP 소성전단력,1,1,1,1,1,0,2
B,7,γg 절대건조,0,20,2,3,3,0,6
B,8,Dc 탄성영역내에서,15,1,1,1,1,0,2
B,9,ui 위험단면의,2,1,1,1,1,0,2
B,10,"Ad,eff 종방향리브를",5,1,1,1,1,0,3
B,11,Fwd 설계전단강도,0,11,1,6,3,0,6
B,12,Rr 적용한다,0,2,2,2,2,0,4
B,13,"Δtc,dur,γ 노출환경에서",12,1,1,1,1,0,3
B,14,heq 단면의,0,1,1,1,1,0,3
B,15,c1 편심방향과,0,1,1,1,1,0,2
B,16,Ab 최소철근,1,1,1,1,1,0,3
B,17,k1 반영하는,0,1,1,1,1,0,2
B,18,My 항복모멘트,5,8,8,8,8,0,16
B,19,SLT 장기합성단면의,1,1,1,1,1,0,2
B,20,fpe 긴장재에서의,7,1,1,1,1,8,2
B,21,bt 인장플랜지의,4,1,1,1,1,2,1
B,22,M2s 발생시키는,0,1,1,1,1,0,4
B,23,Vn 공칭전단강도,2,2,2,2,2,0,5
B,24,Acp 단면의,15,1,1,1,1,0,3
B,25,st 접선방향의,5,4,2,2,2,0,5
B,26,φv 저항계수,0,0,13,13,14,0,0
B,27,fct 콘크리트,0,1,1,1,1,0,6
B,28,Tu 비틀림모멘트,1,1,1,1,1,0,2
B,29,WC 방호울타리,0,13,1,1,1,0,3
B,30,Las 원호길이,2,1,1,1,1,0,2
B,31,"Nuy,Nuz 가장자리",13,1,1,1,1,0,2
B,32,ADTTSL 일일트럭교통량의,1,1,1,1,1,1,1
B,33,Fyre 종방향철근의,0,1,1,1,1,0,7
B,34,ze 팔길이,0,1,1,1,1,0,3
B,35,Ig 도심축에,13,10,4,4,6,0,9
B,36,ffat 피로응력범위,6,3,3,3,3,9,3
B,37,N60 설계구역,16,1,1,1,1,0,3
B,38,cc 인장철근이나,0,2,2,2,2,9,1
B,39,ab 중심사이,2,1,1,1,1,0,3
B,40,tw 복부판,0,11,10,10,10,0,20
B,41,η1 부착조건과,5,2,1,1,1,0,2
B,42,vcd 설계뚫림전단강도,1,1,1,1,1,0,2
B,43,ln 받침점,0,1,1,1,1,0,2
B,44,α4 설계정착길이,0,8,1,1,1,0,4
B,45,Es 탄성계수,0,11,17,17,18,0,0
B,46,rs 회전반경,2,2,2,1,3,0,4
B,47,"γps,u 프리텐션",0,1,1,1,1,0,2
B,48,Fyw 복부판의,9,2,2,2,2,1,1
B,49,dc 부재표면에서,16,1,1,1,1,0,2
B,50,Fexx 용접금속의,1,1,1,1,1,0,2
B,51,fy 항복응력,10,9,20,20,17,12,0
B,52,"db,t 횡방향",0,1,1,1,1,0,2
B,53,do 수평보강재,0,3,1,1,1,0,4
B,54,qn 공칭지지력,1,1,1,1,4,0,5
B,55,EV 연직토압,5,5,5,5,3,0,9
B,56,fctk 콘크리트,0,1,1,1,1,0,4
B,57,Mu 설계하중에,0,1,1,1,1,0,3
B,58,WP 계획차로의,1,1,1,1,1,0,3
B,59,σν′ 연직유효응력,2,1,1,1,1,0,3
B,60,Tbt 위치에서의,15,1,1,1,1,7,1
B,61,Av 철근량,0,3,4,5,4,0,11
B,62,Ac0 지압력,0,1,1,1,1,0,5
B,63,fyd 항복강도,0,2,1,1,1,0,3
B,64,λz 단면의,2,1,1,1,1,0,2
B,65,u1 위험단면,1,1,1,1,1,0,2
B,66,Mn 공칭휨강도,8,7,7,7,7,0,13
B,67,n2 층에서,0,2,1,1,1,0,2
B,68,Ac 단면적,0,19,11,11,10,0,0
B,69,bf 압축플랜지의,15,4,3,3,3,0,6
B,70,Muz 계수휨모멘트,2,1,1,1,1,0,2
B,71,k2 하중작용에,0,2,1,1,1,0,2
B,72,fpbt 프리스트레스,0,11,1,1,1,0,2
B,73,Iy 중심선의,2,1,1,1,1,0,3
B,74,Ag 기둥의,0,1,1,1,1,17,1
B,75,vi 전단응력,16,5,1,1,1,0,4
B,76,Pr 설계압축강도,0,9,8,9,9,0,16
B,77,αdmax 설계최대,16,1,1,1,1,13,1
B,78,"Δtc,dur,add 최소피복두께",2,1,1,1,1,0,2
B,79,Ao 중심선으로,0,1,1,1,1,0,2
B,80,lx 전달길이의,0,1,1,1,1,0,4
B,81,n1 부재내의,0,2,2,2,2,2,1
B,82,fps 긴장재에서의,7,1,1,1,1,0,4
B,83,Vu 설계하중에,0,1,1,1,1,1,1
B,84,Mcr 프리스트레스,0,13,1,1,1,0,4
B,85,fc 압축플랜지의,10,1,1,1,1,0,2
B,86,pcp 바깥쪽,7,1,1,1,1,0,2
B,87,α6 표준갈고리의,5,5,1,1,1,0,2
B,88,VMIN 최소설계충돌속도,1,1,1,1,1,11,1
B,89,εsh 건조수축,0,7,4,11,12,0,8
B,90,bw 단면의,0,3,3,3,3,0,8
B,91,Act 콘크리트의,0,2,2,2,2,10,2
B,92,fck 기준압축강도,0,7,9,4,7,0,18
B,93,RXC 통과경로의,1,1,1,1,1,0,4
B,94,DW 포장과,11,11,5,5,2,0,9
B,95,fpi 프리스트레스트,0,1,1,1,1,0,2
B,96,EDC 에너지이다,0,14,5,5,5,0,13
B,97,Nod 설계중심축압축강도,0,1,1,1,1,0,2
B,98,Rreq 응답수정계수,5,1,1,1,1,0,2
B,99,λy 단면의,4,1,1,1,1,0,5
B,100,η2 관계되는,0,0,1,1,1,0,4
B,101,Vui 설계하중에,19,1,1,1,1,0,4
B,102,"ρ1,000 경과하였을",4,1,1,1,1,0,2
B,103,φc 재료계수로,10,10,8,8,8,0,17
B,104,Mc 설계하중에,0,1,1,1,1,0,5
B,105,"Rb,Rh 강도감소계수",0,1,1,1,1,0,2
B,106,SNC 비합성단면의,1,1,1,1,1,0,2
B,107,lb 같다,0,1,1,1,1,0,5
B,108,VXC 통과경로에,1,1,1,1,1,0,5
B,109,Aps 프리스트레싱,0,17,1,1,1,16,1
B,110,kc 반영하는,19,1,1,1,1,0,3
B,111,po 면적,0,2,3,3,3,0,6
B,112,db 철근,20,6,6,6,7,10,3
B,113,βd 계수지속축력의,0,0,2,2,2,0,4
B,114,ΔσH 명시된,0,2,2,2,2,0,4
B,115,α3 횡철근에,0,13,2,2,1,0,5
B,116,"φsfvy,ef 뚫림전단철근의",1,1,1,1,1,0,2
B,117,vcsd 설계뚫림전단강도,1,1,1,1,1,0,2
B,118,PMT 선박의,0,1,1,1,1,0,8
B,119,lpt2 프리스트레싱,0,12,1,1,1,0,2
B,120,zi 팔길이,0,1,1,1,1,0,2
B,121,Pn 지압강도,0,3,2,1,1,18,1
B,122,Iyc 압축플랜지의,10,1,1,1,1,0,4
B,123,fctm 평균인장강도,2,1,1,1,1,0,2
B,124,θel 작용하중에,15,1,1,1,1,0,4
B,125,SST 단기합성단면의,1,1,1,1,1,0,2
B,126,c2 편심방향에,0,2,1,1,1,0,3
B,127,sr 전단철근의,0,1,1,1,1,0,3
B,128,Ncr 플랜지에,0,1,1,1,1,0,2
B,129,α1 피복두께를,0,0,1,1,1,0,2
B,130,DC 구조부재와,6,6,6,5,1,0,13
B,131,ρo 철근비,0,5,1,1,1,0,5
B,132,fc2 콘크리트,0,2,1,1,1,0,4
B,133,Muy 계수휨모멘트,2,1,1,1,1,0,2
B,134,Ec 콘크리트의,0,9,10,10,11,0,20
B,135,Mr 설계휨강도,0,4,3,3,3,0,11
B,136,Vuw 경우,0,1,1,1,1,0,2
B,137,Fy 최소항복강도,0,3,2,1,1,0,5
B,138,Fywe 유효항복강도,2,1,1,1,1,0,4
B,139,εcu 콘크리트의,0,5,5,5,6,0,11
B,140,Vc 통과경로에,1,1,1,1,1,0,6
B,141,Fys 수평보강재의,13,2,2,2,2,0,6
B,142,Δfpr 프리스트레스의,0,1,1,1,1,0,3
B,143,As 보강재의,0,7,6,6,6,15,2
B,144,Nγ 지지력계수,20,1,1,1,1,14,1
B,145,φMn 설계휨강도,0,3,1,1,1,0,7
B,146,φm 구부림,9,6,1,1,1,0,2
B,147,ΣAst 설계정착길이,0,1,1,1,1,0,4
B,148,α5 설계정착길이를,6,3,1,1,1,0,3
B,149,PDH 갑판실의,2,2,2,2,2,0,4
C,1,일정단면 상부구조의 통상적 최소 높이,4,4,4,5,1,0,9
C,2,하중조합과 하중계수,2,2,2,9,1,0,4
C,3,에 관한 하중계수,1,3,3,3,1,0,6
C,4,재료의 단위질량,1,1,1,1,1,0,2
C,5,다차로재하계수,0,0,0,0,0,0,0
C,6,표준차로하중,1,1,1,1,1,0,2
C,7,"한 차로에서의 트럭교통량 비율, p",1,1,1,1,1,1,1
C,8,보도 등에 재하하는 등분포하중,1,1,1,1,1,0,2
C,9,"충격하중계수, IM",3,3,3,2,1,0,6
C,10,항력계수,4,3,3,3,1,0,6
C,11,횡방향 항력계수,8,7,10,9,1,13,1
C,12,지역별 기본풍속(),2,2,2,2,1,2,2
C,13,지표조도구분에 의한 각종 계수들,1,1,1,1,1,0,2
C,14,거더교의 풍압(kPa),1,1,1,1,1,0,2
C,15,기타 교량 부재에 작용하는 풍압(kPa),1,1,1,1,1,0,3
C,16,온도의 범위,3,3,3,3,1,4,3
C,17,온도경사 기본값,1,1,1,2,1,17,4
C,18,"아치 리브의 유효길이계수, ",2,2,2,2,1,0,4
C,19,등분포 고정하중에 의한 바닥판의 단위폭(1 m)당 설계휨모멘트(kN ․ m/m),7,7,7,7,2,0,13
C,20,4.6.3.2와 4.6.3.3에서 기술된 상부구조 형식,1,1,1,1,2,0,2
C,21,4.6.3.2와 4.6.3.3을 위한 간이값,1,1,1,1,2,0,2
C,22,내측거더의 휨 모멘트 계산을 위한 차로당 활하중 분배계수,2,2,2,1,1,0,5
C,23,외측거더의 휨 모멘트 계산을 위한 차로 당 활하중 분배계수,3,3,3,3,2,0,6
C,24,사교지지부에서 교축방향 보의 모멘트 하중분배계수의 감소계수,2,2,2,6,4,0,6
C,25,내측거더에서 전단력 계산을 위한 차로당 활하중 분배,2,2,2,2,2,0,5
C,26,외측거더 전단력 계산을 위한 차로 당 활하중 분배,3,3,3,3,2,0,6
C,27,둔각부 지점 전단력 계산용 하중 분배계수에 대한 보정계수,2,2,2,7,2,0,7
C,28,슬래브교의 단면 유형,2,2,2,2,2,0,5
C,29,"유효길이계수, ",1,1,1,3,1,0,3
C,30,거더의 수정길이 ′,1,1,1,1,1,0,2
C,31,리브가 있는 바닥판의 유효폭,3,3,3,3,2,0,11
C,32,계면의 표면 상태 분류,17,18,0,0,2,0,0
C,33,재료계수,11,11,11,11,2,0,20
C,34,골재 밀도와 경량콘크리트의 설계 기건단위질량,3,3,3,3,3,0,8
C,35,비선형 해석을 위한 콘크리트 응력-변형률 곡선의 계수값,0,0,0,0,10,0,0
C,36,단면설계를 위한 응력-변형률 곡선의 콘크리트 강도 변화에 따른 계수값,0,0,0,0,4,0,0
C,37,프리스트레스트 콘크리트 개별 부재의 기압축 인장영역에 배치되어야 할 프리스트레싱,2,2,2,3,2,0,5
C,38,"포스트텐션 긴장재 및 외부 비부착 긴장재의 곡률마찰계수, ",2,2,2,4,1,0,5
C,39,사각형 재하면인 경우  값,12,17,19,17,10,0,0
C,40,노출 환경에 따라 요구되는 최소 설계 등급,1,1,1,1,1,3,2
C,41,균열 제어를 위한 최대,2,2,2,2,2,0,4
C,42,균열 제어를 위한 최대,2,2,2,2,2,0,4
C,43,축력이 작용하지 않은 철근콘크리트부재의 기본 지간/유효깊이 비,2,2,2,3,1,0,5
C,44,이음부의 공칭피로강도,2,2,2,2,1,0,4
C,45,노출환경등급에 따른 최소 콘크리트 기준압축강도,1,1,1,1,1,9,2
C,46,부착에 대한 요구사항을 고려한 최소피복두께 m in,1,1,2,1,1,0,5
C,47,"철근 및 프리스트레싱 강재의 내구성을 고려한 최소피복두께, m in(mm)",1,1,1,1,1,0,5
C,48,철근 자체의 손상을 막기 위한 최소 내면 지름,4,4,4,4,1,2,1
C,49,프리텐션 강연선의 중심 간격,2,2,2,2,1,0,4
C,50,계수 ,1,0,0,0,1,0,0
C,51,배력 층배열 철망(secondary layered fabric)의 소요 겹침이음 길이,2,2,2,2,1,12,2
C,52,플랫 슬래브에 대한 휨모멘트의 단순 분배,2,2,3,3,1,0,6
C,53,의 최소값 (단위 mm),0,0,0,0,1,0,0
C,54,지지하는 부재의 바깥쪽 끝으로부터 가정한 길이  (단위 mm),0,0,0,0,1,0,0
C,55,지지되는 부재의 바깥쪽 끝으로부터 가정한 길이 (단위 mm),0,0,0,0,1,0,0
C,56,받침면 사이 순간격의 오차에 대한 허용값 ,0,0,0,0,2,0,0
C,57,시공하중조합의 하중계수 및 허용인장응력,9,9,9,9,1,0,19
C,58,주요 구조용 강재의 규격 및 기호,9,9,9,9,1,0,18
C,59,"표면처리제품, 주단조품, 선재 및 선재2차제품 강재의 규격 및 기호",1,1,1,1,1,0,6
C,60,판두께에 따른 강재종류 선정기준,5,4,6,6,1,0,12
C,61,"볼트, 고장력볼트 및 기초볼트 등의 제품 규격",3,3,4,3,1,0,11
C,62,용접재료,3,3,4,4,2,0,9
C,63,의 관련 KS 규격에 명시된 재료의 강도값을 사용한다.,6,6,8,7,15,0,17
C,64,주요 구조용 강재의 재료강도(MPa),1,1,1,1,1,0,4
C,65,주요 구조용 강재의 재료강도(MPa)(계속),1,1,1,1,1,0,5
C,66,경량 및 기타 구조용 강재의 재료강도(MPa),1,1,1,1,1,0,5
C,67,고장력볼트의 재료강도(MPa),1,1,1,1,1,0,5
C,68,물리상수,1,1,1,1,1,0,3
C,69,하중유발 피로에 대한 상세범주,1,1,1,1,1,0,2
C,70,하중으로 인하여 강바닥판에 발생하는 피로균열의 상세범주,1,1,1,1,1,0,2
C,71,"구조 상세범주 상수, A",1,1,9,1,1,0,19
C,72,"트럭 통과당 반복회수, ",0,0,0,0,1,0,0
C,73,일정 피로 진폭 한계값,20,19,20,20,1,0,0
C,74,국내 지역별 최저 공용온도에 따른 온도구역 구분,1,1,1,1,1,1,1
C,75,인장 또는 교번응력을 받는 주부재의 강종별 인성규격과 온도구역별 최대 허용 판두께,1,1,1,1,1,1,1
C,76,폭-두께비의 제한,2,3,6,6,1,0,13
C,77,합성단면기둥의 상수,1,1,1,1,1,0,3
C,78,볼트구멍의 최대 크기(mm),1,1,1,3,1,0,10
C,79,최소 연단거리,0,0,0,0,1,0,0
C,80,볼트의 설계 축력,2,2,2,2,1,0,4
C,81, 값,0,0,0,0,1,0,0
C,82, 값,0,0,0,0,1,0,0
C,83,필릿용접의 최소치수,1,1,1,1,1,0,5
C,84,아치의 보강재 세장비,1,1,1,1,1,0,2
C,85,확대기초의 극한한계상태에 대한 저항계수,1,1,4,1,1,0,11
C,86,축하중을 받는 타입말뚝의 극한한계상태에 대한 저항계수,6,6,6,1,1,0,12
C,87,A 현장에서 수행하는 정재하시험 횟수와 저항계수의 관계,1,1,1,1,1,0,8
C,88,"B 현장에서 수행해야 하는 동재하시험 횟수(Paikowsky 등, 2004)",1,1,1,1,1,0,7
C,89,축하중을 받는 타입말뚝의 극한한계상태에 대한 저항계수(계속),1,1,1,1,1,0,2
C,90,축하중을 받는 현장타설말뚝의 극한한계상태에 대한 저항계수,2,2,3,4,1,0,8
C,91,영구 옹벽의 저항계수,4,4,4,4,1,0,10
C,92,~3 참조,1,1,1,1,1,0,2
C,93,~3 참조,1,1,1,1,1,0,2
C,94,~3 참조,1,1,1,1,1,0,2
C,95,미 해군성(1982)과 Bowles(1988) 이후에 수정된 다양한 흙에 대한 탄성계수,1,1,1,1,1,0,2
C,96,"강성에 따른 형상계수(EPRI, 1983)",1,1,1,1,1,0,2
C,97,"신선암(intact rock)의 포아송 비(Kulhawy, 1978)",0,0,0,0,1,0,0
C,98,"신선암(intact rock)의 탄성계수(Kulhawy, 1978)",16,16,20,18,1,0,0
C,99,"여러 가지 지하수위에 대한 ,  계수",1,5,8,6,1,0,17
C,100,"사질토 위 기초의 지지력계수 , (Barker 등, 1991)",2,4,4,1,1,7,2
C,101,"사질토 위 기초의 형상계수 (Barker 등, 1991)",2,5,5,6,1,0,10
C,102,"사질토 위 기초의 형상계수 (Barker 등, 1991)",2,5,5,6,1,0,10
C,103,"사질토 위 정사각형 기초의 압축계수 , (Barker 등, 1991)",2,5,5,5,1,0,10
C,104,"사질토 위 띠 기초의 압축계수 , (Barker 등, 1991)",2,4,4,4,1,15,1
C,105,"기초 폭 방향으로 하중이 경사졌을 때의 경사하중계수 , (Barker 등, 1991)",1,2,3,6,1,0,7
C,106,"기초 길이 방향으로 하중이 경사졌을 때의 경사하중계수 , (Barker 등, 1991)",1,3,5,5,1,0,11
C,107,"사질토의 깊이계수 (Barker 등, 1991)",2,5,7,5,1,0,15
C,108,"정사각형 기초에 대한 하중경사계수, ",3,2,2,2,1,0,4
C,109,"직사각형 기초에 대한 하중경사계수, ",2,1,1,1,1,0,3
C,110,사질토의 깊이에 따른 탄성계수의 증가 비 (MPa/mm),1,1,1,1,1,2,1
C,111,감소계수 (O'Neill과 Reese(1999)),2,2,2,2,1,12,2
C,112,"비선형 강도 정의상 암질과 재료상수의 대략적인 관계(Hoek와 Brown, 1988)",0,0,0,0,1,0,0
C,113,"크기효과 보정계수, 의 기본값",5,6,10,5,1,0,20
C,114,장기적인 성능저하에 대한 기본 감소 계수의 사용을 허용하는,0,0,0,0,1,0,0
C,115,지진구역 구분,2,2,2,2,1,0,4
C,116,지진구역계수 (재현주기 500년에 해당),1,1,1,1,1,0,3
C,117,위험도계수,2,2,2,2,1,0,4
C,118,도로교의 내진등급과 설계지진,2,2,2,2,1,5,2
C,119,지반계수,1,1,1,1,1,0,2
C,120,지반의 분류,13,13,13,13,2,0,0
C,121,"응답수정계수, ",1,1,1,1,1,0,2
C,122,지진격리교량의 지반계수 ,1,1,1,1,1,2,2
C,123,"지진격리교량의 응답수정계수, ",2,3,3,2,1,0,6
C,124,지진격리교량의 감쇠계수 B,1,1,1,1,1,0,9
C,125,중간보의 윤하중 분담율,6,6,6,6,1,0,12
C,126,콘크리트의 크리프 계수와 건조수축량,1,1,1,1,1,0,4
C,127,"건조수축, 크리프의 저감계수 ",1,1,1,1,1,0,2
C,128, 계수,1,0,0,0,1,0,0
C,129,탄성중합체의 물리적 기계적 특성,1,1,1,1,1,9,1
C,130,강재보강 탄성받침 단면형식,1,1,1,1,3,0,2
C,131,사각형 탄성받침의 허용압축응력,1,1,1,1,1,0,3
C,132,원형 탄성받침의 허용압축응력,1,2,2,2,1,0,5
C,133,복원 모멘트 계수,0,0,0,0,0,0,0
C,134,마찰요소로 사용할 수 있는 가능한 재료 조합,1,1,1,1,1,0,4
C,135,"PTFE의 기계적, 물리적 특성",1,1,1,1,1,11,2
C,136,윤활제의 물리적․ 화학적 특성,8,8,8,8,1,0,16
C,137,미끄럼요소에 대한 압축강도 특성,1,1,1,1,1,0,2
C,138,평면 또는 곡면인 PTFE 시트의 단기마찰시험에 대한 최대마찰계수,1,1,1,1,1,0,4
C,139,평면 PTFE 시트의 장기마찰시험에 대한 최대마찰계수,1,1,1,1,1,0,4
C,140,곡면 PTFE 시트의 장기마찰시험에 대한 최대마찰계수,1,1,1,1,1,0,4
C,141,앵커볼트의 허용응력(MPa),1,1,1,1,1,0,10
C,142,마찰이음용 고장력볼트의 허용력(kN) (1볼트 1마찰면마다),1,1,1,1,1,0,4
C,143,볼트의 최소 중심간격(mm),1,1,1,1,1,0,8
C,144,볼트의 최대 중심간격(mm),1,1,1,1,1,0,8
C,145,볼트구멍의 중심에서 판의 연단까지의 거리,1,1,1,1,1,0,8
C,146,반복 인장력을 받는 볼트의 피로(MPa),1,1,1,1,2,0,5
C,147,고무의 허용 총 전단변형율,1,1,1,1,1,0,2
C,148,최대압축응력,1,1,1,1,1,11,1
C,149,허용인장응력,6,6,6,6,4,0,13
C,150,지진격리받침 유효강성과 EDC의 품질 기준,1,1,1,1,1,0,4
D,1,등급 C 표면상태 0.33,0,0,0,0,5,0,0
D,2,강격자 바닥판을 지지하는 강재 거더 한개 재하차로: tg<100 mm 일 때 S/2760 S/3660 tg≥100 mm 일 때 두개 이상 재하차로: tg<100 mm 일 때 3S/8000 tg≥100 mm 일 때 9S/30500,0,2,3,3,1,0,6
D,3,"극단상황하중조합-I, -II 1.0",3,3,2,2,2,0,5
D,4,점성토: 부드럽고 민감 중간정도 굳거나 굳음 매우 굳음 2.4~15 15~50 50~100,1,1,1,1,1,0,2
D,5,보통 -10o 50oC 에서,2,2,2,2,1,3,3
D,6,50만회 이상 190,2,2,2,2,1,0,5
D,7,구분 판두께2) 최대 허용 (mm),1,1,1,1,1,0,2
D,8,강봉 또는 강소선 3,0,0,0,0,0,0,0
D,9,콘크리트 단일 박스거더 S > 5500,14,7,7,7,1,0,14
D,10,폴리프로필렌 weatherometer에서 500시간 후 UV 산화 저지 ASTM D4355 최소 70 % 강도 보유,0,0,0,0,1,0,0
D,11,인장강도 (MPa) 제조 시편 제품 시편 ≥16 ≥14,1,1,2,2,2,8,1
D,12,"강재, 주강, 단강 7,850",1,1,1,1,1,0,2
D,13,후성 열간 압연 SMA490B SMA490C,2,2,2,2,3,0,9
D,14,피복아크 용접봉 심선재 KS D 3508,2,2,2,2,2,18,1
D,15,원통형 ≥2.5,0,0,0,0,14,0,0
D,16,"폴리에스터 내부 점성도 방법(ASTM D4603)과 GRI 실험방법 25,000 평균 몰무게의 가수분해 저지 또는 직접적으로 젤 침투 최소 숫자 크로마토그래피를 결정한다.",0,0,0,0,1,0,0
D,17,"용수 해수 1,025",1,1,1,1,1,0,2
D,18,강재 KS F 4602,4,4,5,4,5,0,9
D,19,강관시트파일 KS F 4605,2,2,2,2,3,0,5
D,20,편암 13,0,0,0,0,11,0,0
D,21,화강암 22,0,0,0,0,13,0,0
D,22,"요철 표면 μ1=0.50, μ2=0.9",0,0,2,2,1,0,5
D,23,현무암 11,0,0,0,0,0,0,0
D,24,않도록 충분히 θ=60o를사용,0,0,0,0,2,0,0
D,25,원형 1.5,1,2,3,2,1,0,6
D,26,휘록암 6,0,0,0,0,1,0,0
D,27,90o이하) 쐐기형 선단 교각(선단각 0.8,1,1,1,1,1,0,2
D,28,복부판과 기타 판 요소 1.49,1,1,1,1,1,0,6
D,29,기초볼트 KS B 1016,2,2,2,2,2,0,6
D,30,용접구조용 압연강재 KS D 3515,3,3,3,2,3,0,10
D,31,구조 용 압연 강재 HSB600 HSB600L HSB600W,2,2,1,1,3,0,2
D,32,기둥 또는 교각과 기초 1. 수직말뚝만 사용한 경우 2. 한 개 이상의 경사말뚝을 사용한 경우,3,3,3,3,3,0,8
D,33,연강 및 고장력강용 마그용접 솔리드 와이어 KS D 7025,2,2,2,2,3,0,7
D,34,활하중 90,0,0,0,0,0,0,0
D,35,모든 폴리머 소비자의 재사용후 사용될 물질의 보증 최대 0 % 중량 %,0,0,0,0,1,0,0
D,36,슬래브 0.030L 0.027L ≥ 165 mm ≥ 165 mm,2,1,1,1,1,0,3
D,37,일반구조용 압연강재 35031) KS D,2,2,2,2,3,0,8
D,38,울릉도 50,2,2,2,2,2,12,1
D,39,"무근콘크리트 단위 질량 1,250",4,4,4,4,3,0,8
D,40,피복아크 용접봉 심선 KS D 3550,2,2,2,2,2,0,9
D,41,"연강, 고장력강 및 저온용 강용 아크용접 플럭스 코아선 KS D 7104",3,3,3,3,3,0,10
D,42,탄소강 단강품 KS D 3710,1,1,1,1,2,0,6
D,43,수직방향 축에 대한 회전 0.5°,1,1,1,1,1,0,4
D,44,그 외 모든 이음 28 MPa,2,2,2,2,1,5,2
D,45,주단조품 KS D 4102,1,1,1,1,1,0,5
D,46,원통형 ≥2.5,0,0,0,0,14,0,0
D,47,박스거더 단면의 플랜지와 덮개판 1.40,1,1,1,1,1,0,9
D,48,재하 방향에 평행인 긴 슬롯 0.60,1,1,1,1,1,0,2
D,49,인열 저항 (kN/m) CR NR ≥7 ≥5,1,1,1,1,1,5,1
D,50,압연 T형강의 복부판 0.75,2,2,2,2,2,0,5
D,51,벽돌쌓기 부재 또는 현장타설 콘크리트 15≤l/1200+5≤40mm,0,0,0,0,1,0,0
D,52,서해안 35,2,2,2,2,2,5,1
D,53,"콘크리트 바닥판을 b, c 지지하는 강재 다중 박스거더 표 4.6.4의 규정 적용",3,3,3,3,2,0,6
D,54,"(kg/m3) 철근콘크리트 1,350",3,3,5,4,2,0,11
D,55,인장보강재의 인발저항력 0.90 1.20,1,1,1,1,1,0,5
D,56,영구압축 줄음률(%) 24 h ; 70 ℃ CR ≤ 15 NR ≤ 30,1,1,1,1,1,0,2
D,57,받침 표면을 위한 PTFE 90,1,1,1,1,1,2,1
D,58,DD : 말뚝부마찰력 1.80 0.45,1,1,6,6,1,0,12
D,59,석회암 19,0,0,0,0,12,0,0
D,60,수동저항력 7.5 참조,1,1,1,1,1,5,1
D,61,내후성강용 탄산가스 아크용접 플럭스 충전 와이어 KS D 7109,3,3,3,3,3,0,8
D,62,종방향 축에 대한 회전 1°,6,6,6,6,1,0,12
D,63,사암 27,0,0,0,0,11,0,0
D,64,탄소강 및 저합금강용 서브머지드 아크용접 플럭스 KS D 7102,1,1,1,1,1,0,7
D,65,2차로 0.85,3,4,4,4,4,0,8
D,66,기계구조용 탄소강재 KS D 3752,1,1,1,1,2,0,8
D,67,띠 L/B=2,0,1,1,1,1,0,2
D,68,편암 12,0,0,0,0,0,0,0
D,69,"콘크리트 2,350",1,1,1,1,1,0,7
D,70,기둥 또는 교각과 기초 1.0 1. 수직말뚝만 사용한 경우 2. 한 개 이상의 경사말뚝을 사용한 경우,2,2,2,2,2,0,5
D,71,고내후성 압연강재 KS D 3542,2,2,2,2,1,0,7
D,72,반원형(선단) 교각 0.7,3,3,3,3,1,0,6
D,73,지반종류 표준관입시험(N치(1)) 전단파속도(m/s) 비배수전단강도(kPa),2,2,2,2,1,0,4
D,74,온도구역 -25℃ ≤ T < -15℃,1,1,1,1,1,5,3
D,75,강재 0 5,0,0,0,0,9,0,0
D,76,선재 및 KS D 3556,1,1,1,1,1,0,5
D,77,용접 구조 용내 SMA400B SMA400C,3,3,2,2,3,0,11
D,78,다주 가구 2.5,5,2,2,2,2,8,2
D,79,보행자 구조물 보 0.033 L 0.030 L,2,1,1,1,1,0,3
D,80,피로하중조합 1.0,4,4,4,4,3,0,9
D,81,"철근콘크리트 2,500",1,1,1,1,1,5,1
D,82,지지력 7.5 참조,1,1,1,1,1,13,1
D,83,등급 B 표면상태 0.40,0,0,0,0,9,0,0
D,84,철근 및 콘크리트(강도≥30MPa) 5 10,0,0,0,0,3,0,0
D,85,프리스트레스 프리캐스트 I형 보 콘크리트 0.045 L 0.040 L,4,1,1,1,1,0,2
D,86,주열대 60-80 %,2,2,2,2,2,0,4
D,87,원형 1.04,0,0,0,0,0,0,0
D,88,온도구역 Ⅰ -15℃ ≤ T,1,1,1,1,1,4,2
D,89,연속판 2/10 +wld,0,17,13,14,1,0,0
D,90,강과 주강의 포아송비 0.30,1,1,1,1,1,14,1
D,91,실트암 3,3,3,3,3,3,0,6
D,92,현무암 12,0,0,0,0,0,0,0
D,93,과대볼트구멍 또는 짧은 슬롯 0.85,1,1,1,1,1,0,10
D,94,등급 B 표면상태 0.40,0,0,0,0,9,0,0
D,95,상부구조의 한 지간내의 신축이음부 철근콘크리트 말뚝 가구 (Bent) 1. 수직말뚝만 사용한 경우 2. 한 개 이상의 경사말뚝을 사용한 경우,3,3,3,3,3,0,7
D,96,합성형 I형 보의 전체 높이 0.040 L 0.032 L,2,1,1,1,1,0,2
D,97,지진 시 σte=2.0MPa G≥1.0MPa 일때,19,2,2,2,1,0,4
D,98,밀도 KS M ISO 1183(전영역),1,1,1,1,1,0,4
D,99,"주철의 탄성계수(MPa) 100,000",1,1,1,1,1,0,3
D,100,최소 콘크리트 기준압축강도 (MPa) 18 24 30 30 35,1,1,1,1,1,0,7
D,101,강연선 0.6,19,0,0,0,9,0,0
D,102,철탑용 고장력강 강관 KS D 3780,2,2,2,2,2,0,10
D,103,보행자 구조물 보 0.035 L 0.033 L,4,1,1,1,1,0,3
D,104,평균값 ±10 %,1,1,1,1,1,0,2
D,105,강 재 합성형 I형 보에서 I형 보의 높이 0.033 L 0.027 L,2,1,1,1,1,0,2
D,106,철근 20,0,0,0,0,20,0,0
D,107,일반구조용 각형강관 KS D 3568,3,3,3,3,3,0,10
D,108,"매끄러움 μ1=0.35, μ2=0.6",0,0,1,1,1,0,4
D,109,석영암 7,0,0,0,0,2,0,0
D,110,0℃ 27J이상 0℃ 47J이상 SM400B SM400C,1,1,1,1,1,7,1
D,111,도로교량용 주강품 KS D 4118,1,1,1,1,1,0,4
D,112,파단점에서 신장률(%) 제조 시편 제품 시편 450 400,1,1,1,1,1,11,4
D,113,침입도 KS M ISO 2137,1,1,1,1,1,0,4
D,114,"거침 μ1=0.45, μ2=0.7",0,0,2,2,1,0,4
D,115,내후성강용 탄산가스 아크용접 솔리드 와이어 KS D 7106,2,2,2,2,3,0,8
D,116,파단 신장률 KS M ISO 527-1 KS M ISO 527-3,1,1,1,1,1,0,7
D,117,편마암 11,0,0,0,0,0,0,0
D,118,콘크리트 바닥판을 지지하는 다중 박스거더 표 4.6.4 규정 적용,3,3,3,3,2,0,6
D,119,"알루미늄 합금 2,800",1,1,1,1,1,3,1
D,120,내후성강용 피복아크 용접봉 KS D 7101,2,2,2,2,3,0,4
D,121,직선 α1=1.0,2,1,1,1,1,0,2
D,122,프리스트레싱 강재 20,0,0,0,0,8,0,0
D,123,용접구조용 내후성 열간압연강재 KS D 3529,2,2,2,2,2,0,8
D,124,느슨 10−3 9.4×,5,1,1,1,1,13,1
D,125,지지력 7.5 참조,1,1,1,1,1,13,1
D,126,백운암 5,0,0,0,0,0,0,0
D,127,평면 완전 부착 1.5,0,0,0,0,1,0,0
D,128,3차로 이상 0.80,1,4,4,4,4,0,8
D,129,중간대 40-20 %,4,4,5,5,2,0,10
D,130,"정재하시험(인발), 모든 재료 φupload 0.60",1,1,1,1,1,13,1
D,131,강재 SMA570,6,6,6,6,6,0,9
D,132,"콘크리트 바닥판을 a, e, k 그리고 0.25 0.5",4,8,6,6,1,0,12
D,133,활동 표 7.5.1~3 참조,1,1,1,1,1,2,1
D,134,"프리스트레스트 콘크리트 2,500",1,1,1,1,1,0,2
D,135,고무 2.6,1,1,1,1,1,0,2
D,136,"다중박스거더, 박스 단면 혹은 4.6.3.1에 규정된 전체폭 설계에 대한 조항",8,8,8,3,3,0,16
D,137,"담수 용수 1,000",1,1,1,1,1,0,2
D,138,온도구역 Ⅲ -35℃ ≤ T < -25℃,1,1,1,1,1,4,2
D,139,냉간성형 강널말뚝 KS D 3858,2,2,2,2,2,0,10
D,140,콘크리트의 재령(월) 0.25 0.5 1 3 6,3,2,3,3,1,0,8
D,141,재하 방향에 직각인 긴 슬롯 0.70,1,1,1,1,1,0,3
D,142,이상화된 지지조건이 근사적으로 성립할 경우 K의 설계치 0.65,2,2,2,2,2,0,4
D,143,강연선 또는 다발 강선의 소선 7,10,12,13,13,4,0,0
D,144,교량구조용 압연강재 KS D 3868,2,2,2,2,2,0,8
D,145,연직부재의 수동저항력 1.00,1,1,1,1,1,1,1
D,146,캔틸레버 0.4,5,11,13,13,3,0,0
D,147,"무근 콘크리트, 철근 및 콘크리트(강도≤30MPa) 10 20",0,0,0,0,1,0,0
D,148,셰일 3,0,0,0,0,1,0,0
D,149,앵커의 인발저항력 ∙검증시험 수행한 곳 1.0,2,2,2,1,1,1,1
D,150,섬록암 3,0,0,0,0,1,0,0
E,1,옹벽에 작용하는 토압의 종류와 어떤 토압이론으로 계산하는가,1,1,1,1,1,2,1
E,2,옹벽 배면 상재하중에 의한 토압은 어떻게 고려하나,2,2,3,3,2,15,3
E,3,깎기 경계구간에서의 토압 산정 방법,8,8,9,8,10,0,18
E,4,옹벽 활동에 대한 안정성 검토,1,1,1,1,1,3,1
E,5,옹벽 전도에 대한 안정성은 어떻게 검토하는가,5,5,5,5,5,6,2
E,6,옹벽 기초지반 지지력 검토,14,14,14,14,14,3,3
E,7,옹벽 안정해석 시 적용하는 기준안전율,2,2,2,2,2,0,5
E,8,연약지반 위에 옹벽을 설치할 때 고려사항,1,1,1,1,2,1,1
E,9,옹벽 배면 배수공 설계,5,5,5,5,5,1,1
E,10,주동토압 수동토압 정지토압,1,1,1,1,1,0,3
E,11,활동 전도 지지력 안전율 검토 항목,1,1,1,1,1,0,2
E,12,시설물 내진등급은 어떻게 분류하는가,1,1,1,1,1,0,2
E,13,내진성능수준의 종류와 정의,3,3,3,3,2,0,6
E,14,설계지반운동 수준은 어떻게 분류하나,1,1,1,1,1,0,3
E,15,지반 액상화 검토,4,4,4,4,4,0,10
E,16,성능기반 내진설계 해석방법,2,2,2,1,1,1,1
E,17,강구조 사용하중에 의한 처짐 사용성 기준,10,10,10,10,11,0,18
E,18,휨과 압축 조합력에서 국부좌굴 폭두께비 검토,0,0,0,0,0,0,0
E,19,교량 설계기준의 적용범위,10,10,10,2,2,10,4
E,20,슬래브교에 대한 등가 스트립 폭,1,1,1,1,1,0,3
